{"abs_orbit_number": 51506, "abstract": "-", "filesize": 1713253286, "format": "SAFE", "identifier": "S1A_IW_GRDH_1SDV_20231204T153944_20231204T154009_051506_063796_F9E3", "insert_date": "2023-12-04T18:52:00.220000", "instrument": "SAR", "mdsource": "remote", "mode": "IW", "number_of_lines": 0, "number_of_samples": 0, "orbit_direction": "ascending", "parentidentifier": "s1a_csar_grdh_iw", "platform": "SENTINEL-1", "platform_number": "A", "polarisation": "VV+VH", "polarisation_combination": "DV", "processing_country": "-", "processing_date": "2023-12-04T18:31:59.106664", "processing_facility": "Production Service-SERCO", "processing_level": 1, "processing_organization": "ESA", "processing_site": "Production Service-SERCO", "processing_software": "Sentinel-1 IPF", "processing_software_version": "003.71", "product_timeliness_category": "Fast-24h", "product_type": "GRD", "publisher": "ESA", "rel_orbit_number": 159, "resolution_class": "H", "slice_number": 2, "time_begin": "2023-12-04T15:39:44.267000", "time_end": "2023-12-04T15:40:09.265000", "title": "S1A IW GRDH 1SDV 20231204T153944 20231204T154009 051506 063796 F9E3", "total_slice": 6}