{"abs_orbit_number": 51156, "abstract": "-", "filesize": 1712531165, "format": "SAFE", "identifier": "S1A_IW_GRDH_1SDV_20231110T154034_20231110T154059_051156_062B85_95B9", "insert_date": "2023-11-10T18:51:44.477000", "instrument": "SAR", "mdsource": "remote", "mode": "IW", "number_of_lines": 0, "number_of_samples": 0, "orbit_direction": "ascending", "parentidentifier": "s1a_csar_grdh_iw", "platform": "SENTINEL-1", "platform_number": "A", "polarisation": "VV+VH", "polarisation_combination": "DV", "processing_country": "-", "processing_date": "2023-11-10T18:32:38.532227", "processing_facility": "Production Service-SERCO", "processing_level": 1, "processing_organization": "ESA", "processing_site": "Production Service-SERCO", "processing_software": "Sentinel-1 IPF", "processing_software_version": "003.71", "product_timeliness_category": "Fast-24h", "product_type": "GRD", "publisher": "ESA", "rel_orbit_number": 159, "resolution_class": "H", "slice_number": 4, "time_begin": "2023-11-10T15:40:34.800000", "time_end": "2023-11-10T15:40:59.799000", "title": "S1A IW GRDH 1SDV 20231110T154034 20231110T154059 051156 062B85 95B9", "total_slice": 6}