{"abs_orbit_number": 51331, "abstract": "-", "filesize": 1713170644, "format": "SAFE", "identifier": "S1A_IW_GRDH_1SDV_20231122T153944_20231122T154009_051331_063199_3189", "insert_date": "2023-11-22T18:51:23.307000", "instrument": "SAR", "mdsource": "remote", "mode": "IW", "number_of_lines": 0, "number_of_samples": 0, "orbit_direction": "ascending", "parentidentifier": "s1a_csar_grdh_iw", "platform": "SENTINEL-1", "platform_number": "A", "polarisation": "VV+VH", "polarisation_combination": "DV", "processing_country": "-", "processing_date": "2023-11-22T18:32:30", "processing_facility": "Production Service-SERCO", "processing_level": 1, "processing_organization": "ESA", "processing_site": "Production Service-SERCO", "processing_software": "Sentinel-1 IPF", "processing_software_version": "3.71", "product_timeliness_category": "Fast-24h", "product_type": "GRD", "publisher": "ESA", "rel_orbit_number": 159, "resolution_class": "H", "slice_number": 2, "time_begin": "2023-11-22T15:39:44.574000", "time_end": "2023-11-22T15:40:09.573000", "title": "S1A IW GRDH 1SDV 20231122T153944 20231122T154009 051331 063199 3189", "total_slice": 6}