{"abs_orbit_number": 51331, "abstract": "-", "filesize": 1712397725, "format": "SAFE", "identifier": "S1A_IW_GRDH_1SDV_20231122T154034_20231122T154059_051331_063199_AF3F", "insert_date": "2023-11-22T18:51:22.645000", "instrument": "SAR", "mdsource": "remote", "mode": "IW", "number_of_lines": 0, "number_of_samples": 0, "orbit_direction": "ascending", "parentidentifier": "s1a_csar_grdh_iw", "platform": "SENTINEL-1", "platform_number": "A", "polarisation": "VV+VH", "polarisation_combination": "DV", "processing_country": "-", "processing_date": "2023-11-22T18:32:32", "processing_facility": "Production Service-SERCO", "processing_level": 1, "processing_organization": "ESA", "processing_site": "Production Service-SERCO", "processing_software": "Sentinel-1 IPF", "processing_software_version": "3.71", "product_timeliness_category": "Fast-24h", "product_type": "GRD", "publisher": "ESA", "rel_orbit_number": 159, "resolution_class": "H", "slice_number": 4, "time_begin": "2023-11-22T15:40:34.574000", "time_end": "2023-11-22T15:40:59.572000", "title": "S1A IW GRDH 1SDV 20231122T154034 20231122T154059 051331 063199 AF3F", "total_slice": 6}